<?xml version='1.1' encoding='UTF-8'?>
<org.jenkinsci.plugins.workflow.multibranch.WorkflowMultiBranchProject plugin="workflow-multibranch@2.21">
    <actions/>
    <description></description>
    <properties>
        <org.jenkinsci.plugins.docker.workflow.declarative.FolderConfig plugin="docker-workflow@1.23">
            <dockerLabel></dockerLabel>
            <registry plugin="docker-commons@1.16"/>
        </org.jenkinsci.plugins.docker.workflow.declarative.FolderConfig>
        <org.csanchez.jenkins.plugins.kubernetes.KubernetesFolderProperty plugin="kubernetes@1.19.3">
            <permittedClouds/>
        </org.csanchez.jenkins.plugins.kubernetes.KubernetesFolderProperty>
    </properties>
    <folderViews class="jenkins.branch.MultiBranchProjectViewHolder" plugin="branch-api@2.5.5">
        <owner class="org.jenkinsci.plugins.workflow.multibranch.WorkflowMultiBranchProject" reference="../.."/>
    </folderViews>
    <healthMetrics>
        <com.cloudbees.hudson.plugins.folder.health.WorstChildHealthMetric plugin="cloudbees-folder@6.11.1">
            <nonRecursive>false</nonRecursive>
        </com.cloudbees.hudson.plugins.folder.health.WorstChildHealthMetric>
    </healthMetrics>
    <icon class="jenkins.branch.MetadataActionFolderIcon" plugin="branch-api@2.5.5">
        <owner class="org.jenkinsci.plugins.workflow.multibranch.WorkflowMultiBranchProject" reference="../.."/>
    </icon>
    <orphanedItemStrategy class="com.cloudbees.hudson.plugins.folder.computed.DefaultOrphanedItemStrategy" plugin="cloudbees-folder@6.11.1">
        <pruneDeadBranches>true</pruneDeadBranches>
        <daysToKeep>-1</daysToKeep>
        <numToKeep>-1</numToKeep>
    </orphanedItemStrategy>
    <triggers/>
    <disabled>false</disabled>
    <sources class="jenkins.branch.MultiBranchProject$BranchSourceList" plugin="branch-api@2.5.5">
        <data>
            <jenkins.branch.BranchSource>
                <source class="com.cloudbees.jenkins.plugins.bitbucket.BitbucketSCMSource" plugin="cloudbees-bitbucket-branch-source@2.7.0">
                    <id>b885231b-1d13-4a8f-9af5-f8fe833a47bf</id>
                    <serverUrl>https://bitbucket.pp.seccloud.internal</serverUrl>
                    <credentialsId>cb-devops-sa</credentialsId>
                    <repoOwner>CB</repoOwner>
                    <repository>%MS_NAME%</repository>
                    <traits>
                        <com.cloudbees.jenkins.plugins.bitbucket.BranchDiscoveryTrait>
                            <strategyId>3</strategyId>
                        </com.cloudbees.jenkins.plugins.bitbucket.BranchDiscoveryTrait>
                        <jenkins.scm.impl.trait.RegexSCMHeadFilterTrait plugin="scm-api@2.6.3">
                            <regex>release/([a-z]+)-wave(\d)+</regex>
                        </jenkins.scm.impl.trait.RegexSCMHeadFilterTrait>
                    </traits>
                </source>
                <strategy class="jenkins.branch.DefaultBranchPropertyStrategy">
                    <properties class="empty-list"/>
                </strategy>
            </jenkins.branch.BranchSource>
        </data>
        <owner class="org.jenkinsci.plugins.workflow.multibranch.WorkflowMultiBranchProject" reference="../.."/>
    </sources>
    <factory class="org.jenkinsci.plugins.workflow.multibranch.WorkflowBranchProjectFactory">
        <owner class="org.jenkinsci.plugins.workflow.multibranch.WorkflowMultiBranchProject" reference="../.."/>
        <scriptPath>ci.jenkinsfile</scriptPath>
    </factory>
</org.jenkinsci.plugins.workflow.multibranch.WorkflowMultiBranchProject>