{
    "info": {
        "_postman_id": "5a7f87a7-dea2-493c-a46f-df61e9ce70c0",
        "name": "apache-jarvis",
        "schema": "https://schema.getpostman.com/json/collection/v2.1.0/collection.json"
    },
    "item": [{
        "name": "sp1",
        "item": [{
            "name": "hello",
            "event": [{
                "listen": "test",
                "script": {
                    "id": "5661a4af-19e6-42c5-8300-cb3632e68530",
                    "exec": [
                        "pm.test(\"Status code is 200\", function () {",
                        "  pm.response.to.have.status(200);",
                        "});"
                    ],
                    "type": "text/javascript"
                }
            }],
            "request": {
                "method": "GET",
                "header": [],
                "body": {
                    "mode": "raw",
                    "raw": ""
                },
                "url": {
                    "raw": "{{url}}/",
                    "host": [
                        "{{url}}"
                    ],
                    "path": [
                        ""
                    ]
                }
            }
        }]
    }],
    "event": [{
            "listen": "prerequest",
            "script": {
                "id": "038300d3-249a-452d-89c3-3856e0206b6f",
                "type": "text/javascript",
                "exec": [
                    ""
                ]
            }
        },
        {
            "listen": "test",
            "script": {
                "id": "d51b7929-c0c4-4efb-8434-5e42df54ef73",
                "type": "text/javascript",
                "exec": [
                    ""
                ]
            }
        }
    ],
    "variable": [{
        "id": "e90a898d-01e3-43b0-963b-6eb4f11a4f51",
        "key": "url",
        "value": "",
        "type": "string"
    }]
}