{
    "info": {
        "_postman_id": "0587cda9-5cae-4e03-a484-7e4d77f07273",
        "name": "jarvis",
        "schema": "https://schema.getpostman.com/json/collection/v2.1.0/collection.json"
    },
    "item": [{
        "name": "sp1",
        "item": [{
            "name": "hello",
            "event": [{
                "listen": "test",
                "script": {
                    "id": "5661a4af-19e6-42c5-8300-cb3632e68530",
                    "exec": [
                        "pm.test(\"Hello Jarvis\", function () {",
                        "    var jsonData = pm.response.json();",
                        "    pm.expect(jsonData.message).to.eql(\"Hello Jarvis\");",
                        "});"
                    ],
                    "type": "text/javascript"
                }
            }],
            "request": {
                "method": "GET",
                "header": [],
                "body": {
                    "mode": "raw",
                    "raw": ""
                },
                "url": {
                    "raw": "{{url}}/jarvis/hello",
                    "host": [
                        "{{url}}"
                    ],
                    "path": [
                        "jarvis",
                        "hello"
                    ]
                }
            },
            "response": [{
                "name": "hello",
                "originalRequest": {
                    "method": "GET",
                    "header": [],
                    "body": {
                        "mode": "raw",
                        "raw": ""
                    },
                    "url": {
                        "raw": "{{url}}/jarvis/hello",
                        "host": [
                            "{{url}}"
                        ],
                        "path": [
                            "jarvis",
                            "hello"
                        ]
                    }
                },
                "status": "OK",
                "code": 200,
                "_postman_previewlanguage": "json",
                "header": [{
                        "key": "Access-Control-Allow-Origin",
                        "value": "*"
                    },
                    {
                        "key": "Access-Control-Allow-Credentials",
                        "value": "true"
                    },
                    {
                        "key": "Access-Control-Allow-Methods",
                        "value": "POST, GET, OPTIONS, DELETE, PUT"
                    },
                    {
                        "key": "Access-Control-Max-Age",
                        "value": "3600"
                    },
                    {
                        "key": "Access-Control-Allow-Headers",
                        "value": "Content-Type, Accept, X-Requested-With, remember-me, Cache-Control, Pragma, Expires, Location, Content-Disposition, x-userid"
                    },
                    {
                        "key": "Access-Control-Expose-Headers",
                        "value": "Content-Disposition, Content-Type, Cache-Control, Pragma, Expires"
                    },
                    {
                        "key": "Content-Type",
                        "value": "application/json;charset=UTF-8"
                    },
                    {
                        "key": "Transfer-Encoding",
                        "value": "chunked"
                    },
                    {
                        "key": "Date",
                        "value": "Wed, 23 Jan 2019 13:38:23 GMT"
                    }
                ],
                "cookie": [],
                "body": "{\n    \"message\": \"Hello Jarvis\"\n}"
            }]
        }]
    }],
    "event": [{
            "listen": "prerequest",
            "script": {
                "id": "038300d3-249a-452d-89c3-3856e0206b6f",
                "type": "text/javascript",
                "exec": [
                    ""
                ]
            }
        },
        {
            "listen": "test",
            "script": {
                "id": "d51b7929-c0c4-4efb-8434-5e42df54ef73",
                "type": "text/javascript",
                "exec": [
                    ""
                ]
            }
        }
    ],
    "variable": [{
        "id": "e90a898d-01e3-43b0-963b-6eb4f11a4f51",
        "key": "url",
        "value": "",
        "type": "string"
    }]
}