<?xml version="1.0" encoding="UTF-8"?>
<con:soapui-project id="48d3ad19-0532-41f6-9d0f-3fec98cb16c2" activeEnvironment="Default" name="example" soapui-version="5.5.0" abortOnError="false" runType="SEQUENTIAL" resourceRoot="" xmlns:con="http://eviware.com/soapui/config">
  <con:settings><con:setting id="com.eviware.soapui.impl.wsdl.actions.iface.tools.soapui.TestRunnerAction@values-local"><![CDATA[<xml-fragment xmlns:con="http://eviware.com/soapui/config">
  <con:entry key="Report Format(s)" value=""/>
  <con:entry key="Host:Port" value=""/>
  <con:entry key="Export JUnit Results" value="false"/>
  <con:entry key="Export All" value="false"/>
  <con:entry key="Save After" value="false"/>
  <con:entry key="Add Settings" value="false"/>
  <con:entry key="WSS Password Type" value=""/>
  <con:entry key="TestSuite" value="&lt;all>"/>
  <con:entry key="Endpoint" value=""/>
  <con:entry key="Select Report Type" value=""/>
  <con:entry key="System Properties" value=""/>
  <con:entry key="Password" value=""/>
  <con:entry key="Print Report" value="true"/>
  <con:entry key="Open Report" value="false"/>
  <con:entry key="Export JUnit Results with test properties" value="false"/>
  <con:entry key="Global Properties" value=""/>
  <con:entry key="Project Properties" value=""/>
  <con:entry key="Project Password" value=""/>
  <con:entry key="TestCase" value="&lt;all>"/>
  <con:entry key="Username" value=""/>
  <con:entry key="user-settings.xml Password" value=""/>
  <con:entry key="TestRunner Path" value=""/>
  <con:entry key="Environment" value="Default"/>
  <con:entry key="Coverage Report" value="false"/>
  <con:entry key="Enable UI" value="false"/>
  <con:entry key="Root Folder" value=""/>
  <con:entry key="Ignore Errors" value="false"/>
  <con:entry key="Domain" value=""/>
  <con:entry key="Tool Args" value=""/>
  <con:entry key="Save Project" value="false"/>
</xml-fragment>]]></con:setting></con:settings>
  <con:interface xsi:type="con:RestService" id="ae123cf9-83af-4754-af4b-2b097ad45ebf" wadlVersion="http://wadl.dev.java.net/2009/02" name="AnagrafeDAO Requests" type="rest" xmlns:xsi="http://www.w3.org/2001/XMLSchema-instance">
    <con:settings/>
    
    <con:definitionCache type="TEXT" rootPart=""/><con:endpoints>
      <con:endpoint>http://cb-anagrafedao.apps.secreloaded.sec</con:endpoint>
    </con:endpoints>
    <con:resource name="anagrafe/one" path="/anagrafe/one" id="ac068081-bf88-4ca6-8849-0b76ea830bff">
      <con:settings/>
      <con:parameters><con:parameter><con:name/><con:style>QUERY</con:style></con:parameter></con:parameters>
      <con:method name="anagrafe/one" id="922f34d5-6e21-4a4f-8fb0-108321634da4" method="POST">
        <con:settings/>
        <con:parameters/>
        <con:representation type="RESPONSE">
          <con:mediaType>application/json;charset=UTF-8</con:mediaType>
          <con:status>200</con:status>
          <con:params/>
          <con:element xmlns:one="http://cb-anagrafedao.apps.secreloaded.sec/anagrafe/one">one:Response</con:element>
        </con:representation>
        <con:representation type="REQUEST">
          <con:mediaType>application/json</con:mediaType>
          <con:params/>
        </con:representation>
        <con:representation type="FAULT"><con:mediaType>application/json;charset=UTF-8</con:mediaType><con:status>500</con:status><con:params/><con:element xmlns:one="http://cb-anagrafedao.apps.secreloaded.sec/anagrafe/one">one:Fault</con:element></con:representation><con:request name="anagrafe/one" id="c1132abd-e8c6-4ae3-b4f6-ff303edd9fbf" mediaType="application/json" postQueryString="false">
          <con:settings>
            <con:setting id="com.eviware.soapui.impl.wsdl.WsdlRequest@request-headers">&lt;xml-fragment/></con:setting>
          </con:settings>
          <con:endpoint>${endpoint}</con:endpoint>
          <con:request/>
          <con:originalUri>http://cb-anagrafedao.apps.secreloaded.sec/anagrafe/one</con:originalUri>
          <con:credentials>
            <con:authType>No Authorization</con:authType>
          </con:credentials>
          <con:jmsConfig JMSDeliveryMode="PERSISTENT"/>
          <con:jmsPropertyConfig/>
          <con:parameters/>
        <con:parameterOrder><con:entry/></con:parameterOrder></con:request>
      </con:method>
    </con:resource>
  </con:interface>
  <con:testSuite id="380e0f4c-903f-4a34-8b14-39d58383aa3d" name="AnagrafeDAO-TestSuite"><con:description>TestSuite generated for REST Service [http://cb-anagrafedao.apps.secreloaded.sec]</con:description><con:settings/><con:runType>SEQUENTIAL</con:runType><con:testCase id="3238438d-563c-4d53-8b8e-2c89eb5d93b8" failOnError="true" failTestCaseOnErrors="true" keepSession="false" maxResults="0" name="AnagrafeDAO-TestCase" searchProperties="true"><con:settings/><con:testStep type="restrequest" name="/anagrafe/one" id="f485cf55-e01f-4c93-9bfd-48fec1564251"><con:settings/><con:config service="AnagrafeDAO Requests" resourcePath="/anagrafe/one" methodName="anagrafe/one" xsi:type="con:RestRequestStep" xmlns:xsi="http://www.w3.org/2001/XMLSchema-instance"><con:restRequest name="One" id="c1132abd-e8c6-4ae3-b4f6-ff303edd9fbf" mediaType="application/json" postQueryString="false">
          <con:settings>
            <con:setting id="com.eviware.soapui.impl.wsdl.WsdlRequest@request-headers">&lt;entry key="Accept" value="application/json" xmlns="http://eviware.com/soapui/config"/></con:setting>
          </con:settings>
          <con:endpoint>http://cb-anagrafedao.apps.secreloaded.sec</con:endpoint>
          <con:request>{
  "cod_empresa": "6pl23AbjUX",
  "cod_persona": "kTtUkDhBdX"
}</con:request>
          <con:originalUri>http://cb-anagrafedao.apps.secreloaded.sec/anagrafe/one</con:originalUri>
          <con:assertion type="Valid HTTP Status Codes" id="64d0f99c-d6b5-418f-b894-43d59c8e544b" name="Valid HTTP Status Codes"><con:configuration><codes>200</codes></con:configuration></con:assertion><con:assertion type="JsonPath Match" id="a5586c6e-0d87-4c06-8d35-48e1b18991c6" name="JsonPath Match"><con:configuration><path>.</path><content>[{"esito":null,"errorCode":200,"errorMessage":null,"_id":{"entita":"ANAGRAFE","type":null,"cod_empresa":"6pl23AbjUX","cod_persona":"kTtUkDhBdX"},"area_webapp":{"campo_prova_webapp":"ZpG07XDN3P"},"area_tecnica":{"flag_di_validita":"tluJrbYUJ7"},"area_linking":[{"entita":"ANAGRAFE","cod_empresa":"6pl23AbjUX","cod_persona":"kTtUkDhBdX","cod_tip_expe":null,"num_cta_int":null,"fec_contable":null,"timestamp_alta":null,"tipo":"SELF"}],"area_dati":{"dati_generali":{"t04dba01_cod_abi":"FJsgARVhVL","t04dba01_cod_abrap1":"5mcKupSUmM","t04dba01_cod_abrap2":"QOZ8nzwUZs","t04dba01_cod_abrnom":"RmVh5zOeBr","t04dba01_cod_acceso":674899196563007,"t04dba01_cod_acceso2":997674789944065,"t04dba01_cod_centro":"fvEdq7umcp","t04dba01_cod_centro_ins":"lRhUYOJ2nd","t04dba01_cod_dig_duplicados":"2ROKpMJds3","t04dba01_cod_documento":"qYhaOUUyGN","t04dba01_cod_doc_oficial":147809021889514,"t04dba01_cod_emitt":"xFrW5Wd60i","t04dba01_cod_empresa":"V7UkTUSwuS","t04dba01_cod_extpais":"pg6u3zp8GX","t04dba01_cod_fisco":"10Q0EOQunF","t04dba01_cod_idioma":"LUaG9ygnrX","t04dba01_cod_letra_nif":"znq751tChx","t04dba01_cod_motivo_alta":641735786408070,"t04dba01_cod_motivo_baja":938265076704232,"t04dba01_cod_municipio_doc":"zhZvTjGdSv","t04dba01_cod_nacionalidad":"Tpa2RdoXia","t04dba01_cod_nat_pg":"4joTRRymQf","t04dba01_cod_num_doc_oficia":"mEKFzRNvkx","t04dba01_cod_ocup_cta_propi":610705038740983,"t04dba01_cod_pais_doc":"AOoiDKHbzp","t04dba01_cod_pais_residenci":"7bbuV92jS2","t04dba01_cod_persona":517632943156658,"t04dba01_cod_piva":"JX7NpJWTnj","t04dba01_cod_prov_doc":"f9T5XEPAYB","t04dba01_cod_pr_artig":"JWF5uNUEGl","t04dba01_cod_pr_rea":"o8unhHRJIv","t04dba01_cod_pr_tribu":"MerGqUWHmc","t04dba01_cod_pueblo_doc":"qFNuYW23uK","t04dba01_cod_rae":740467949514008,"t04dba01_cod_sae":108816003276642,"t04dba01_cod_sector_banco_e":"FOCVE4gaUk","t04dba01_cod_tipo_ndg":"fMjcatdYTS","t04dba01_cod_titolo":"wkczMM5ohA","t04dba01_cod_usu_modif":"MTHUFrd69m","t04dba01_del_emitt":"TXESnYDfWZ","t04dba01_fec_alta":"2019-07-30T08:36:26.564Z","t04dba01_fec_artig":"2019-07-30T08:36:26.564Z","t04dba01_fec_baja":"2019-07-30T08:36:26.564Z","t04dba01_fec_docum":"2019-07-30T08:36:26.564Z","t04dba01_fec_dur_soc":"2019-07-30T08:36:26.564Z","t04dba01_fec_modificacion":"2019-07-30T08:36:26.564Z","t04dba01_fec_nacimiento":"2019-07-30T08:36:26.564Z","t04dba01_fec_rea":"2019-07-30T08:36:26.564Z","t04dba01_fec_tribu":"2019-07-30T08:36:26.564Z","t04dba01_ind_affid":"8uTWGtah0l","t04dba01_ind_avisos":"Af0s2zo2OG","t04dba01_ind_avisos_neg":"bzISgFVCVh","t04dba01_ind_cliente":"fQCuRJXsO4","t04dba01_ind_condicion":"eVv5rdD2z5","t04dba01_ind_contrato":"z1uFfGj9C0","t04dba01_ind_cumulo":"yWFgiLwYnN","t04dba01_ind_direccion":"bIwDBqsLXe","t04dba01_ind_fallecido":"x3J6Rmfc8i","t04dba01_ind_firma":"KOcBDWeREp","t04dba01_ind_fisco":"gewykbkR5X","t04dba01_ind_nomant":"3GaLBHK2gN","t04dba01_ind_no_correspon":"mBeaaHaZsH","t04dba01_ind_no_vincoli":"QBeSEQZp8A","t04dba01_ind_residente":"j7MV5MBjw8","t04dba01_ind_servicios":"Vs5Yd4h605","t04dba01_ind_seudonimos":"T1ORfNG1DF","t04dba01_ind_tipo_persona":"nXZUXiR7Qd","t04dba01_ind_valido_nifcif":"7iyCaRom1b","t04dba01_ind_vinculos":"vbMb6jRb2p","t04dba01_intestazione":"ReXbQgldm9","t04dba01_nom_apellido1":"d8wGn035OK","t04dba01_nom_apellido2":"iIpyiWa7jF","t04dba01_nom_comprimido":"rnYiNOdbih","t04dba01_nom_comune_doc":"uictDQB8pC","t04dba01_nom_denom_social":"THuQBGAJw1","t04dba01_nom_part_apellido1":"Q3ayH0dn0m","t04dba01_nom_part_apellido2":"ZYKF9hrTMd","t04dba01_nom_persona":"jhUaSekcOC","t04dba01_nom_provincia_doc":"phx4Y43YAI","t04dba01_num_artig":"bq1EYrfdJ1","t04dba01_num_rea":"O5ok8gsUTu","t04dba01_num_tribu":"2pc25UNC8r","t04dba01_timestamp_siglo":"2019-07-30T08:36:26.564Z","titolarieta":[{"_idTitolarieta":{"cod_empresa_2":"7WEQJFFRzP","cod_tip_interven":"bwbxAjoDue","cod_tip_expe":"k8CmC7jEBo","num_cta_int":240319213277421},"codigo_centro_2":"c4pJUUIrK2","cod_centro":"j4tGE77iKc","cod_empresa":"DxO6zKQkbK","cod_moneda_1":"jINCAhmjEB","cod_motivo_alta":261687488740921,"cod_motivo_baja":68123624342858,"cod_persona":915669203687410,"cod_prod":"B8fukHgIml","cod_tipo_interven":"Q3rd5mrl9h","cod_usu_modif":"wQzeuwxjxE","fecha_inicio":"2019-07-30T08:36:26.564Z","fec_alta":"2019-07-30T08:36:26.564Z","fec_baja":"2019-07-30T08:36:26.564Z","fec_modificacion":"2019-07-30T08:36:26.564Z","imp_lim_cuenactu":410166709794114,"ind_cliente_indiv":"kvaeBaFeML","ind_ctaprin":"lYXL9jYYIv","ind_firma":"K4ZAcN69e7","ind_vent_correspon":"zTpalEMTpz","num_ctaan":"xJqto7MkH7","num_direccion":727725328881239,"num_orden_interv":642322272597697,"pctje_particip":104350366765808,"timestamp_siglo":"2019-07-30T08:36:26.564Z"}]}}}, null, null, {"entita":"ANAGRAFE","type":null,"cod_empresa":"6pl23AbjUX","cod_persona":"kTtUkDhBdX"}, null, {"campo_prova_webapp":"ZpG07XDN3P"}, {"flag_di_validita":"tluJrbYUJ7"}, {"entita":"ANAGRAFE","cod_empresa":"6pl23AbjUX","cod_persona":"kTtUkDhBdX","cod_tip_expe":null,"num_cta_int":null,"fec_contable":null,"timestamp_alta":null,"tipo":"SELF"}, null, null, null, null, {"dati_generali":{"t04dba01_cod_abi":"FJsgARVhVL","t04dba01_cod_abrap1":"5mcKupSUmM","t04dba01_cod_abrap2":"QOZ8nzwUZs","t04dba01_cod_abrnom":"RmVh5zOeBr","t04dba01_cod_acceso":674899196563007,"t04dba01_cod_acceso2":997674789944065,"t04dba01_cod_centro":"fvEdq7umcp","t04dba01_cod_centro_ins":"lRhUYOJ2nd","t04dba01_cod_dig_duplicados":"2ROKpMJds3","t04dba01_cod_documento":"qYhaOUUyGN","t04dba01_cod_doc_oficial":147809021889514,"t04dba01_cod_emitt":"xFrW5Wd60i","t04dba01_cod_empresa":"V7UkTUSwuS","t04dba01_cod_extpais":"pg6u3zp8GX","t04dba01_cod_fisco":"10Q0EOQunF","t04dba01_cod_idioma":"LUaG9ygnrX","t04dba01_cod_letra_nif":"znq751tChx","t04dba01_cod_motivo_alta":641735786408070,"t04dba01_cod_motivo_baja":938265076704232,"t04dba01_cod_municipio_doc":"zhZvTjGdSv","t04dba01_cod_nacionalidad":"Tpa2RdoXia","t04dba01_cod_nat_pg":"4joTRRymQf","t04dba01_cod_num_doc_oficia":"mEKFzRNvkx","t04dba01_cod_ocup_cta_propi":610705038740983,"t04dba01_cod_pais_doc":"AOoiDKHbzp","t04dba01_cod_pais_residenci":"7bbuV92jS2","t04dba01_cod_persona":517632943156658,"t04dba01_cod_piva":"JX7NpJWTnj","t04dba01_cod_prov_doc":"f9T5XEPAYB","t04dba01_cod_pr_artig":"JWF5uNUEGl","t04dba01_cod_pr_rea":"o8unhHRJIv","t04dba01_cod_pr_tribu":"MerGqUWHmc","t04dba01_cod_pueblo_doc":"qFNuYW23uK","t04dba01_cod_rae":740467949514008,"t04dba01_cod_sae":108816003276642,"t04dba01_cod_sector_banco_e":"FOCVE4gaUk","t04dba01_cod_tipo_ndg":"fMjcatdYTS","t04dba01_cod_titolo":"wkczMM5ohA","t04dba01_cod_usu_modif":"MTHUFrd69m","t04dba01_del_emitt":"TXESnYDfWZ","t04dba01_fec_alta":"2019-07-30T08:36:26.564Z","t04dba01_fec_artig":"2019-07-30T08:36:26.564Z","t04dba01_fec_baja":"2019-07-30T08:36:26.564Z","t04dba01_fec_docum":"2019-07-30T08:36:26.564Z","t04dba01_fec_dur_soc":"2019-07-30T08:36:26.564Z","t04dba01_fec_modificacion":"2019-07-30T08:36:26.564Z","t04dba01_fec_nacimiento":"2019-07-30T08:36:26.564Z","t04dba01_fec_rea":"2019-07-30T08:36:26.564Z","t04dba01_fec_tribu":"2019-07-30T08:36:26.564Z","t04dba01_ind_affid":"8uTWGtah0l","t04dba01_ind_avisos":"Af0s2zo2OG","t04dba01_ind_avisos_neg":"bzISgFVCVh","t04dba01_ind_cliente":"fQCuRJXsO4","t04dba01_ind_condicion":"eVv5rdD2z5","t04dba01_ind_contrato":"z1uFfGj9C0","t04dba01_ind_cumulo":"yWFgiLwYnN","t04dba01_ind_direccion":"bIwDBqsLXe","t04dba01_ind_fallecido":"x3J6Rmfc8i","t04dba01_ind_firma":"KOcBDWeREp","t04dba01_ind_fisco":"gewykbkR5X","t04dba01_ind_nomant":"3GaLBHK2gN","t04dba01_ind_no_correspon":"mBeaaHaZsH","t04dba01_ind_no_vincoli":"QBeSEQZp8A","t04dba01_ind_residente":"j7MV5MBjw8","t04dba01_ind_servicios":"Vs5Yd4h605","t04dba01_ind_seudonimos":"T1ORfNG1DF","t04dba01_ind_tipo_persona":"nXZUXiR7Qd","t04dba01_ind_valido_nifcif":"7iyCaRom1b","t04dba01_ind_vinculos":"vbMb6jRb2p","t04dba01_intestazione":"ReXbQgldm9","t04dba01_nom_apellido1":"d8wGn035OK","t04dba01_nom_apellido2":"iIpyiWa7jF","t04dba01_nom_comprimido":"rnYiNOdbih","t04dba01_nom_comune_doc":"uictDQB8pC","t04dba01_nom_denom_social":"THuQBGAJw1","t04dba01_nom_part_apellido1":"Q3ayH0dn0m","t04dba01_nom_part_apellido2":"ZYKF9hrTMd","t04dba01_nom_persona":"jhUaSekcOC","t04dba01_nom_provincia_doc":"phx4Y43YAI","t04dba01_num_artig":"bq1EYrfdJ1","t04dba01_num_rea":"O5ok8gsUTu","t04dba01_num_tribu":"2pc25UNC8r","t04dba01_timestamp_siglo":"2019-07-30T08:36:26.564Z","titolarieta":[{"_idTitolarieta":{"cod_empresa_2":"7WEQJFFRzP","cod_tip_interven":"bwbxAjoDue","cod_tip_expe":"k8CmC7jEBo","num_cta_int":240319213277421},"codigo_centro_2":"c4pJUUIrK2","cod_centro":"j4tGE77iKc","cod_empresa":"DxO6zKQkbK","cod_moneda_1":"jINCAhmjEB","cod_motivo_alta":261687488740921,"cod_motivo_baja":68123624342858,"cod_persona":915669203687410,"cod_prod":"B8fukHgIml","cod_tipo_interven":"Q3rd5mrl9h","cod_usu_modif":"wQzeuwxjxE","fecha_inicio":"2019-07-30T08:36:26.564Z","fec_alta":"2019-07-30T08:36:26.564Z","fec_baja":"2019-07-30T08:36:26.564Z","fec_modificacion":"2019-07-30T08:36:26.564Z","imp_lim_cuenactu":410166709794114,"ind_cliente_indiv":"kvaeBaFeML","ind_ctaprin":"lYXL9jYYIv","ind_firma":"K4ZAcN69e7","ind_vent_correspon":"zTpalEMTpz","num_ctaan":"xJqto7MkH7","num_direccion":727725328881239,"num_orden_interv":642322272597697,"pctje_particip":104350366765808,"timestamp_siglo":"2019-07-30T08:36:26.564Z"}]}}, {"t04dba01_cod_abi":"FJsgARVhVL","t04dba01_cod_abrap1":"5mcKupSUmM","t04dba01_cod_abrap2":"QOZ8nzwUZs","t04dba01_cod_abrnom":"RmVh5zOeBr","t04dba01_cod_acceso":674899196563007,"t04dba01_cod_acceso2":997674789944065,"t04dba01_cod_centro":"fvEdq7umcp","t04dba01_cod_centro_ins":"lRhUYOJ2nd","t04dba01_cod_dig_duplicados":"2ROKpMJds3","t04dba01_cod_documento":"qYhaOUUyGN","t04dba01_cod_doc_oficial":147809021889514,"t04dba01_cod_emitt":"xFrW5Wd60i","t04dba01_cod_empresa":"V7UkTUSwuS","t04dba01_cod_extpais":"pg6u3zp8GX","t04dba01_cod_fisco":"10Q0EOQunF","t04dba01_cod_idioma":"LUaG9ygnrX","t04dba01_cod_letra_nif":"znq751tChx","t04dba01_cod_motivo_alta":641735786408070,"t04dba01_cod_motivo_baja":938265076704232,"t04dba01_cod_municipio_doc":"zhZvTjGdSv","t04dba01_cod_nacionalidad":"Tpa2RdoXia","t04dba01_cod_nat_pg":"4joTRRymQf","t04dba01_cod_num_doc_oficia":"mEKFzRNvkx","t04dba01_cod_ocup_cta_propi":610705038740983,"t04dba01_cod_pais_doc":"AOoiDKHbzp","t04dba01_cod_pais_residenci":"7bbuV92jS2","t04dba01_cod_persona":517632943156658,"t04dba01_cod_piva":"JX7NpJWTnj","t04dba01_cod_prov_doc":"f9T5XEPAYB","t04dba01_cod_pr_artig":"JWF5uNUEGl","t04dba01_cod_pr_rea":"o8unhHRJIv","t04dba01_cod_pr_tribu":"MerGqUWHmc","t04dba01_cod_pueblo_doc":"qFNuYW23uK","t04dba01_cod_rae":740467949514008,"t04dba01_cod_sae":108816003276642,"t04dba01_cod_sector_banco_e":"FOCVE4gaUk","t04dba01_cod_tipo_ndg":"fMjcatdYTS","t04dba01_cod_titolo":"wkczMM5ohA","t04dba01_cod_usu_modif":"MTHUFrd69m","t04dba01_del_emitt":"TXESnYDfWZ","t04dba01_fec_alta":"2019-07-30T08:36:26.564Z","t04dba01_fec_artig":"2019-07-30T08:36:26.564Z","t04dba01_fec_baja":"2019-07-30T08:36:26.564Z","t04dba01_fec_docum":"2019-07-30T08:36:26.564Z","t04dba01_fec_dur_soc":"2019-07-30T08:36:26.564Z","t04dba01_fec_modificacion":"2019-07-30T08:36:26.564Z","t04dba01_fec_nacimiento":"2019-07-30T08:36:26.564Z","t04dba01_fec_rea":"2019-07-30T08:36:26.564Z","t04dba01_fec_tribu":"2019-07-30T08:36:26.564Z","t04dba01_ind_affid":"8uTWGtah0l","t04dba01_ind_avisos":"Af0s2zo2OG","t04dba01_ind_avisos_neg":"bzISgFVCVh","t04dba01_ind_cliente":"fQCuRJXsO4","t04dba01_ind_condicion":"eVv5rdD2z5","t04dba01_ind_contrato":"z1uFfGj9C0","t04dba01_ind_cumulo":"yWFgiLwYnN","t04dba01_ind_direccion":"bIwDBqsLXe","t04dba01_ind_fallecido":"x3J6Rmfc8i","t04dba01_ind_firma":"KOcBDWeREp","t04dba01_ind_fisco":"gewykbkR5X","t04dba01_ind_nomant":"3GaLBHK2gN","t04dba01_ind_no_correspon":"mBeaaHaZsH","t04dba01_ind_no_vincoli":"QBeSEQZp8A","t04dba01_ind_residente":"j7MV5MBjw8","t04dba01_ind_servicios":"Vs5Yd4h605","t04dba01_ind_seudonimos":"T1ORfNG1DF","t04dba01_ind_tipo_persona":"nXZUXiR7Qd","t04dba01_ind_valido_nifcif":"7iyCaRom1b","t04dba01_ind_vinculos":"vbMb6jRb2p","t04dba01_intestazione":"ReXbQgldm9","t04dba01_nom_apellido1":"d8wGn035OK","t04dba01_nom_apellido2":"iIpyiWa7jF","t04dba01_nom_comprimido":"rnYiNOdbih","t04dba01_nom_comune_doc":"uictDQB8pC","t04dba01_nom_denom_social":"THuQBGAJw1","t04dba01_nom_part_apellido1":"Q3ayH0dn0m","t04dba01_nom_part_apellido2":"ZYKF9hrTMd","t04dba01_nom_persona":"jhUaSekcOC","t04dba01_nom_provincia_doc":"phx4Y43YAI","t04dba01_num_artig":"bq1EYrfdJ1","t04dba01_num_rea":"O5ok8gsUTu","t04dba01_num_tribu":"2pc25UNC8r","t04dba01_timestamp_siglo":"2019-07-30T08:36:26.564Z","titolarieta":[{"_idTitolarieta":{"cod_empresa_2":"7WEQJFFRzP","cod_tip_interven":"bwbxAjoDue","cod_tip_expe":"k8CmC7jEBo","num_cta_int":240319213277421},"codigo_centro_2":"c4pJUUIrK2","cod_centro":"j4tGE77iKc","cod_empresa":"DxO6zKQkbK","cod_moneda_1":"jINCAhmjEB","cod_motivo_alta":261687488740921,"cod_motivo_baja":68123624342858,"cod_persona":915669203687410,"cod_prod":"B8fukHgIml","cod_tipo_interven":"Q3rd5mrl9h","cod_usu_modif":"wQzeuwxjxE","fecha_inicio":"2019-07-30T08:36:26.564Z","fec_alta":"2019-07-30T08:36:26.564Z","fec_baja":"2019-07-30T08:36:26.564Z","fec_modificacion":"2019-07-30T08:36:26.564Z","imp_lim_cuenactu":410166709794114,"ind_cliente_indiv":"kvaeBaFeML","ind_ctaprin":"lYXL9jYYIv","ind_firma":"K4ZAcN69e7","ind_vent_correspon":"zTpalEMTpz","num_ctaan":"xJqto7MkH7","num_direccion":727725328881239,"num_orden_interv":642322272597697,"pctje_particip":104350366765808,"timestamp_siglo":"2019-07-30T08:36:26.564Z"}]}, {"_idTitolarieta":{"cod_empresa_2":"7WEQJFFRzP","cod_tip_interven":"bwbxAjoDue","cod_tip_expe":"k8CmC7jEBo","num_cta_int":240319213277421},"codigo_centro_2":"c4pJUUIrK2","cod_centro":"j4tGE77iKc","cod_empresa":"DxO6zKQkbK","cod_moneda_1":"jINCAhmjEB","cod_motivo_alta":261687488740921,"cod_motivo_baja":68123624342858,"cod_persona":915669203687410,"cod_prod":"B8fukHgIml","cod_tipo_interven":"Q3rd5mrl9h","cod_usu_modif":"wQzeuwxjxE","fecha_inicio":"2019-07-30T08:36:26.564Z","fec_alta":"2019-07-30T08:36:26.564Z","fec_baja":"2019-07-30T08:36:26.564Z","fec_modificacion":"2019-07-30T08:36:26.564Z","imp_lim_cuenactu":410166709794114,"ind_cliente_indiv":"kvaeBaFeML","ind_ctaprin":"lYXL9jYYIv","ind_firma":"K4ZAcN69e7","ind_vent_correspon":"zTpalEMTpz","num_ctaan":"xJqto7MkH7","num_direccion":727725328881239,"num_orden_interv":642322272597697,"pctje_particip":104350366765808,"timestamp_siglo":"2019-07-30T08:36:26.564Z"}, {"cod_empresa_2":"7WEQJFFRzP","cod_tip_interven":"bwbxAjoDue","cod_tip_expe":"k8CmC7jEBo","num_cta_int":240319213277421}]</content><allowWildcards>false</allowWildcards><ignoreNamspaceDifferences>false</ignoreNamspaceDifferences><ignoreComments>false</ignoreComments></con:configuration></con:assertion><con:credentials>
            <con:authType>No Authorization</con:authType>
          </con:credentials>
          <con:jmsConfig JMSDeliveryMode="PERSISTENT"/>
          <con:jmsPropertyConfig/>
          <con:parameters/>
        <con:parameterOrder/></con:restRequest></con:config></con:testStep><con:properties/></con:testCase><con:properties/></con:testSuite><con:properties><con:property><con:name>endpoint</con:name><con:value/></con:property></con:properties>
  <con:wssContainer/>
  <con:oAuth2ProfileContainer/>
  <con:oAuth1ProfileContainer/>
<con:sensitiveInformation/></con:soapui-project>